{
    "NUM_IsoMu24_DEN_CutBasedIdTight_and_PFIsoTight": {
        "abseta_pt": {
            "abseta:[0.00,0.90]": {
                "pt:[26.00,30.00]": {
                    "value": 0.9561511278152466,
                    "error": 0.0
                },
                "pt:[30.00,40.00]": {
                    "value": 0.9677170515060424,
                    "error": 0.0007063647525816785
                },
                "pt:[40.00,50.00]": {
                    "value": 0.972316324710846,
                    "error": 0.0005945297735058253
                },
                "pt:[50.00,60.00]": {
                    "value": 0.9747772216796876,
                    "error": 0.0
                },
                "pt:[60.00,120.00]": {
                    "value": 0.976292848587036,
                    "error": 0.0
                },
                "pt:[120.00,1200.00]": {
                    "value": 0.9749634861946106,
                    "error": 0.004711318829699773
                }
            },
            "abseta:[0.90,1.20]": {
                "pt:[26.00,30.00]": {
                    "value": 0.950467884540558,
                    "error": 0.0015956356394650761
                },
                "pt:[30.00,40.00]": {
                    "value": 0.965575635433197,
                    "error": 0.0009349209620888033
                },
                "pt:[40.00,50.00]": {
                    "value": 0.9697218537330629,
                    "error": 0.0007433657712995201
                },
                "pt:[50.00,60.00]": {
                    "value": 0.9711149334907532,
                    "error": 0.0
                },
                "pt:[60.00,120.00]": {
                    "value": 0.972411036491394,
                    "error": 0.0007977776855497831
                },
                "pt:[120.00,1200.00]": {
                    "value": 0.9706313014030457,
                    "error": 0.0
                }
            },
            "abseta:[1.20,2.10]": {
                "pt:[26.00,30.00]": {
                    "value": 0.9920247793197632,
                    "error": 0.0008599844202220597
                },
                "pt:[30.00,40.00]": {
                    "value": 0.9986987113952636,
                    "error": 0.0007144338366964487
                },
                "pt:[40.00,50.00]": {
                    "value": 1.0025442838668823,
                    "error": 0.0002641365502300541
                },
                "pt:[50.00,60.00]": {
                    "value": 1.003868818283081,
                    "error": 0.0
                },
                "pt:[60.00,120.00]": {
                    "value": 1.0051040649414062,
                    "error": 0.0011128123002928092
                },
                "pt:[120.00,1200.00]": {
                    "value": 1.0033259391784668,
                    "error": 0.0019992494158955765
                }
            },
            "abseta:[2.10,2.40]": {
                "pt:[26.00,30.00]": {
                    "value": 1.027693748474121,
                    "error": 0.0040526009013550635
                },
                "pt:[30.00,40.00]": {
                    "value": 1.0224723815917969,
                    "error": 0.003842522384748248
                },
                "pt:[40.00,50.00]": {
                    "value": 1.0212769508361816,
                    "error": 0.001458720840697314
                },
                "pt:[50.00,60.00]": {
                    "value": 1.018681526184082,
                    "error": 0.0009638954060378069
                },
                "pt:[60.00,120.00]": {
                    "value": 1.0150948762893677,
                    "error": 0.002506744746143541
                },
                "pt:[120.00,1200.00]": {
                    "value": 1.0195722579956057,
                    "error": 0.02904087606397865
                }
            }
        }
    },
    "NUM_Mu50_or_CascadeMu100_or_HighPtTkMu100_DEN_CutBasedIdTrkHighPt_and_TkIsoLoose": {
        "abseta_pt": {
            "abseta:[0.00,0.90]": {
                "pt:[52.00,56.00]": {
                    "value": 0.9761658310890198,
                    "error": 0.0
                },
                "pt:[56.00,60.00]": {
                    "value": 0.9775330424308776,
                    "error": 0.000435303365439621
                },
                "pt:[60.00,120.00]": {
                    "value": 0.9782511591911316,
                    "error": 0.0006659371744398568
                },
                "pt:[120.00,1200.00]": {
                    "value": 0.9835830926895142,
                    "error": 0.002670484837815068
                }
            },
            "abseta:[0.90,1.20]": {
                "pt:[52.00,56.00]": {
                    "value": 0.9705137014389038,
                    "error": 0.0
                },
                "pt:[56.00,60.00]": {
                    "value": 0.9728673100471495,
                    "error": 0.0
                },
                "pt:[60.00,120.00]": {
                    "value": 0.9730241298675536,
                    "error": 0.0010566694034256363
                },
                "pt:[120.00,1200.00]": {
                    "value": 0.9779819250106812,
                    "error": 0.003236335106604815
                }
            },
            "abseta:[1.20,2.10]": {
                "pt:[52.00,56.00]": {
                    "value": 1.0031311511993408,
                    "error": 0.0005245894045851074
                },
                "pt:[56.00,60.00]": {
                    "value": 1.005435347557068,
                    "error": 0.0009188064893148606
                },
                "pt:[60.00,120.00]": {
                    "value": 1.0065841674804688,
                    "error": 0.00066918249872705
                },
                "pt:[120.00,1200.00]": {
                    "value": 1.009053111076355,
                    "error": 0.0
                }
            },
            "abseta:[2.10,2.40]": {
                "pt:[52.00,56.00]": {
                    "value": 1.0013023614883425,
                    "error": 0.0029714230601813885
                },
                "pt:[56.00,60.00]": {
                    "value": 1.0096865892410278,
                    "error": 0.005206898983195263
                },
                "pt:[60.00,120.00]": {
                    "value": 1.0102561712265017,
                    "error": 0.0060936799189046376
                },
                "pt:[120.00,1200.00]": {
                    "value": 1.020360231399536,
                    "error": 0.025433463185714045
                }
            }
        }
    }
}