{
    "NUM_IsoMu24_DEN_CutBasedIdTight_and_PFIsoTight": {
        "abseta_pt": {
            "abseta:[0.00,0.90]": {
                "pt:[26.00,30.00]": {
                    "value": 0.9623676155167068,
                    "error": 0.0019856206744574
                },
                "pt:[30.00,40.00]": {
                    "value": 0.9727726086254088,
                    "error": 0.0008547963872548303
                },
                "pt:[40.00,50.00]": {
                    "value": 0.973393369879028,
                    "error": 0.0005709292350651873
                },
                "pt:[50.00,60.00]": {
                    "value": 0.9715034548598794,
                    "error": 0.003748692014120203
                },
                "pt:[60.00,120.00]": {
                    "value": 0.9700705379539204,
                    "error": 0.0008879345272108097
                },
                "pt:[120.00,1200.00]": {
                    "value": 0.9727514087884116,
                    "error": 0.004411736515964382
                }
            },
            "abseta:[0.90,1.20]": {
                "pt:[26.00,30.00]": {
                    "value": 0.9594421374615378,
                    "error": 0.0027582121286573447
                },
                "pt:[30.00,40.00]": {
                    "value": 0.9702680094009376,
                    "error": 0.0006972865095453695
                },
                "pt:[40.00,50.00]": {
                    "value": 0.971289876633616,
                    "error": 0.0004592200507748112
                },
                "pt:[50.00,60.00]": {
                    "value": 0.9714138759099296,
                    "error": 0.0014536073173858632
                },
                "pt:[60.00,120.00]": {
                    "value": 0.9713443008524542,
                    "error": 0.0007662816568502206
                },
                "pt:[120.00,1200.00]": {
                    "value": 0.9622934444137488,
                    "error": 0.00351797112088581
                }
            },
            "abseta:[1.20,2.10]": {
                "pt:[26.00,30.00]": {
                    "value": 0.9701690062541978,
                    "error": 0.0008048984902826462
                },
                "pt:[30.00,40.00]": {
                    "value": 0.9738727313313078,
                    "error": 0.0007496185919365628
                },
                "pt:[40.00,50.00]": {
                    "value": 0.9740075283446302,
                    "error": 0.0007729716870087389
                },
                "pt:[50.00,60.00]": {
                    "value": 0.9736833729445592,
                    "error": 0.0007045912739257476
                },
                "pt:[60.00,120.00]": {
                    "value": 0.9753783091014356,
                    "error": 0.0007032128214751188
                },
                "pt:[120.00,1200.00]": {
                    "value": 0.972414233377799,
                    "error": 0.0068766767496661885
                }
            },
            "abseta:[2.10,2.40]": {
                "pt:[26.00,30.00]": {
                    "value": 0.9750869899481088,
                    "error": 0.0047755960590961655
                },
                "pt:[30.00,40.00]": {
                    "value": 0.9737111289708138,
                    "error": 0.0037202102374152
                },
                "pt:[40.00,50.00]": {
                    "value": 0.9706116360513694,
                    "error": 0.0019571101674434876
                },
                "pt:[50.00,60.00]": {
                    "value": 0.9683987441675554,
                    "error": 0.0020916108993163096
                },
                "pt:[60.00,120.00]": {
                    "value": 0.9629729843466476,
                    "error": 0.005479764800913278
                },
                "pt:[120.00,1200.00]": {
                    "value": 0.9846493095069502,
                    "error": 0.01757675998866004
                }
            }
        }
    },
    "NUM_Mu50_or_CascadeMu100_or_HighPtTkMu100_DEN_CutBasedIdTrkHighPt_and_TkIsoLoose": {
        "abseta_pt": {
            "abseta:[0.00,0.90]": {
                "pt:[52.00,56.00]": {
                    "value": 0.9694249288021918,
                    "error": 0.0017527382425416294
                },
                "pt:[56.00,60.00]": {
                    "value": 0.9700868175689418,
                    "error": 0.0029457099269242226
                },
                "pt:[60.00,120.00]": {
                    "value": 0.969953401021673,
                    "error": 0.0007609395537913066
                },
                "pt:[120.00,1200.00]": {
                    "value": 0.9827357469185554,
                    "error": 0.003911313202668243
                }
            },
            "abseta:[0.90,1.20]": {
                "pt:[52.00,56.00]": {
                    "value": 0.967844848998552,
                    "error": 0.0013242019514799752
                },
                "pt:[56.00,60.00]": {
                    "value": 0.968079512595822,
                    "error": 0.0010045304920235365
                },
                "pt:[60.00,120.00]": {
                    "value": 0.9694806265093372,
                    "error": 0.0014486541973843803
                },
                "pt:[120.00,1200.00]": {
                    "value": 0.9792438833713396,
                    "error": 0.0070137478537015685
                }
            },
            "abseta:[1.20,2.10]": {
                "pt:[52.00,56.00]": {
                    "value": 0.97097821612995,
                    "error": 0.0007068647685009033
                },
                "pt:[56.00,60.00]": {
                    "value": 0.9721217716747964,
                    "error": 0.0009558905433632026
                },
                "pt:[60.00,120.00]": {
                    "value": 0.9753658779969931,
                    "error": 0.0024511363319844603
                },
                "pt:[120.00,1200.00]": {
                    "value": 0.9833679934554592,
                    "error": 0.004186172703437574
                }
            },
            "abseta:[2.10,2.40]": {
                "pt:[52.00,56.00]": {
                    "value": 0.9596971021780654,
                    "error": 0.00690930556682523
                },
                "pt:[56.00,60.00]": {
                    "value": 0.9512018678494368,
                    "error": 0.0028431502697643385
                },
                "pt:[60.00,120.00]": {
                    "value": 0.9486931528886076,
                    "error": 0.008713468103815014
                },
                "pt:[120.00,1200.00]": {
                    "value": 0.98289564909921,
                    "error": 0.010435743192883207
                }
            }
        }
    }
}