{
    "NUM_IsoMu24_DEN_CutBasedIdTight_and_PFIsoTight": {
        "abseta_pt": {
            "abseta:[0.00,0.90]": {
                "pt:[26.00,30.00]": {
                    "value": 0.9586828908621908,
                    "error": 0.0013141261291147455
                },
                "pt:[30.00,40.00]": {
                    "value": 0.9688992737864444,
                    "error": 0.0018028634045476055
                },
                "pt:[40.00,50.00]": {
                    "value": 0.9696618619299242,
                    "error": 0.0010988690804706325
                },
                "pt:[50.00,60.00]": {
                    "value": 0.9695587775819332,
                    "error": 0.0007405488309153441
                },
                "pt:[60.00,120.00]": {
                    "value": 0.9661620712996752,
                    "error": 0.0022388108919785266
                },
                "pt:[120.00,1200.00]": {
                    "value": 0.966990260124626,
                    "error": 0.004401083541782036
                }
            },
            "abseta:[0.90,1.20]": {
                "pt:[26.00,30.00]": {
                    "value": 0.9830556427973624,
                    "error": 0.0028898813884086216
                },
                "pt:[30.00,40.00]": {
                    "value": 0.9815682279459572,
                    "error": 0.0017285475501813696
                },
                "pt:[40.00,50.00]": {
                    "value": 0.9802722628941593,
                    "error": 0.002069481539092366
                },
                "pt:[50.00,60.00]": {
                    "value": 0.977726555443316,
                    "error": 0.0021173114929735615
                },
                "pt:[60.00,120.00]": {
                    "value": 0.9791430737541454,
                    "error": 0.0017562337620581348
                },
                "pt:[120.00,1200.00]": {
                    "value": 0.9748122903849278,
                    "error": 0.011331912483087181
                }
            },
            "abseta:[1.20,2.10]": {
                "pt:[26.00,30.00]": {
                    "value": 0.9972975779257603,
                    "error": 0.0017579082224082887
                },
                "pt:[30.00,40.00]": {
                    "value": 1.0030381428659876,
                    "error": 0.0007237476783288344
                },
                "pt:[40.00,50.00]": {
                    "value": 1.0041629139430177,
                    "error": 0.0005499136470727972
                },
                "pt:[50.00,60.00]": {
                    "value": 1.0039300025511475,
                    "error": 0.0010351788719999977
                },
                "pt:[60.00,120.00]": {
                    "value": 1.0001833957220754,
                    "error": 0.0014135478858501305
                },
                "pt:[120.00,1200.00]": {
                    "value": 1.0192471256379996,
                    "error": 0.01831105077998152
                }
            },
            "abseta:[2.10,2.40]": {
                "pt:[26.00,30.00]": {
                    "value": 0.9784139491391168,
                    "error": 0.011114982659537809
                },
                "pt:[30.00,40.00]": {
                    "value": 0.9958784039263592,
                    "error": 0.004552849003877646
                },
                "pt:[40.00,50.00]": {
                    "value": 1.0038266851996531,
                    "error": 0.002729783456538959
                },
                "pt:[50.00,60.00]": {
                    "value": 1.0056227429693765,
                    "error": 0.012363012214110958
                },
                "pt:[60.00,120.00]": {
                    "value": 1.0094250560599738,
                    "error": 0.008876698076381473
                },
                "pt:[120.00,1200.00]": {
                    "value": 1.0874524823019684,
                    "error": 0.06610896511627162
                }
            }
        }
    },
    "NUM_Mu50_or_CascadeMu100_or_HighPtTkMu100_DEN_CutBasedIdTrkHighPt_and_TkIsoLoose": {
        "abseta_pt": {
            "abseta:[0.00,0.90]": {
                "pt:[52.00,56.00]": {
                    "value": 0.9670329196335072,
                    "error": 0.000962401419863923
                },
                "pt:[56.00,60.00]": {
                    "value": 0.97028261479694,
                    "error": 0.002094575309008806
                },
                "pt:[60.00,120.00]": {
                    "value": 0.9664402383331412,
                    "error": 0.0022849273453562358
                },
                "pt:[120.00,1200.00]": {
                    "value": 0.9802550381680764,
                    "error": 0.005691593665958838
                }
            },
            "abseta:[0.90,1.20]": {
                "pt:[52.00,56.00]": {
                    "value": 0.9790252588629346,
                    "error": 0.0017435987374317952
                },
                "pt:[56.00,60.00]": {
                    "value": 0.9737626349241894,
                    "error": 0.0032544161488382573
                },
                "pt:[60.00,120.00]": {
                    "value": 0.9766651125580312,
                    "error": 0.0015192608276617392
                },
                "pt:[120.00,1200.00]": {
                    "value": 0.9775218345379272,
                    "error": 0.01706985881742107
                }
            },
            "abseta:[1.20,2.10]": {
                "pt:[52.00,56.00]": {
                    "value": 1.00150781179297,
                    "error": 0.0014524767501415958
                },
                "pt:[56.00,60.00]": {
                    "value": 1.0042643766043415,
                    "error": 0.005624220063681573
                },
                "pt:[60.00,120.00]": {
                    "value": 1.001950266923342,
                    "error": 0.0013314199697358475
                },
                "pt:[120.00,1200.00]": {
                    "value": 1.0164639215714142,
                    "error": 0.008776217376811779
                }
            },
            "abseta:[2.10,2.40]": {
                "pt:[52.00,56.00]": {
                    "value": 0.9988829228235276,
                    "error": 0.015128187190677433
                },
                "pt:[56.00,60.00]": {
                    "value": 1.0144807137443217,
                    "error": 0.022312759375553437
                },
                "pt:[60.00,120.00]": {
                    "value": 1.012950224704937,
                    "error": 0.008916568247952172
                },
                "pt:[120.00,1200.00]": {
                    "value": 1.0601242299661666,
                    "error": 0.0460445309885833
                }
            }
        }
    }
}