{
    "NUM_IsoMu24_DEN_CutBasedIdTight_and_PFIsoTight": {
        "abseta_pt": {
            "abseta:[0.00,0.90]": {
                "pt:[26.00,30.00]": {
                    "value": 0.9778855415279756,
                    "error": 0.0011154143210811984
                },
                "pt:[30.00,40.00]": {
                    "value": 0.9810129289367224,
                    "error": 0.0010543409489756073
                },
                "pt:[40.00,50.00]": {
                    "value": 0.9804505419782396,
                    "error": 0.0003935501381284734
                },
                "pt:[50.00,60.00]": {
                    "value": 0.9778274102212736,
                    "error": 0.0006049092125514077
                },
                "pt:[60.00,120.00]": {
                    "value": 0.9768086281977956,
                    "error": 0.0013065964511460582
                },
                "pt:[120.00,1200.00]": {
                    "value": 0.9776929327490804,
                    "error": 0.008895641863987613
                }
            },
            "abseta:[0.90,1.20]": {
                "pt:[26.00,30.00]": {
                    "value": 0.9717689219363028,
                    "error": 0.0035420263641169347
                },
                "pt:[30.00,40.00]": {
                    "value": 0.974869883948331,
                    "error": 0.0024076720841798016
                },
                "pt:[40.00,50.00]": {
                    "value": 0.9741974500912162,
                    "error": 0.0010250783724430335
                },
                "pt:[50.00,60.00]": {
                    "value": 0.9727877337316236,
                    "error": 0.001156094138573538
                },
                "pt:[60.00,120.00]": {
                    "value": 0.96831628041056,
                    "error": 0.0015728223994850854
                },
                "pt:[120.00,1200.00]": {
                    "value": 0.9820558404398806,
                    "error": 0.015224432557372158
                }
            },
            "abseta:[1.20,2.10]": {
                "pt:[26.00,30.00]": {
                    "value": 0.9479305551643828,
                    "error": 0.002702257692313137
                },
                "pt:[30.00,40.00]": {
                    "value": 0.9593625243100424,
                    "error": 0.0021861251051953356
                },
                "pt:[40.00,50.00]": {
                    "value": 0.9612023005611312,
                    "error": 0.0017002195289316235
                },
                "pt:[50.00,60.00]": {
                    "value": 0.9605061546287889,
                    "error": 0.0014347163430455945
                },
                "pt:[60.00,120.00]": {
                    "value": 0.9578042591165168,
                    "error": 0.0013266065517187897
                },
                "pt:[120.00,1200.00]": {
                    "value": 0.9590018147523666,
                    "error": 0.006357982856287192
                }
            },
            "abseta:[2.10,2.40]": {
                "pt:[26.00,30.00]": {
                    "value": 0.84570190858844,
                    "error": 0.01081546898700858
                },
                "pt:[30.00,40.00]": {
                    "value": 0.8799291748570023,
                    "error": 0.0031681241826345685
                },
                "pt:[40.00,50.00]": {
                    "value": 0.9080376216556691,
                    "error": 0.0014550380121944873
                },
                "pt:[50.00,60.00]": {
                    "value": 0.9193316092462588,
                    "error": 0.002941742157427041
                },
                "pt:[60.00,120.00]": {
                    "value": 0.9302606522598584,
                    "error": 0.004385471686663589
                },
                "pt:[120.00,1200.00]": {
                    "value": 0.9643871704159996,
                    "error": 0.034158995957836336
                }
            }
        }
    },
    "NUM_Mu50_or_CascadeMu100_or_HighPtTkMu100_DEN_CutBasedIdTrkHighPt_and_TkIsoLoose": {
        "abseta_pt": {
            "abseta:[0.00,0.90]": {
                "pt:[52.00,56.00]": {
                    "value": 0.974086076459549,
                    "error": 0.0009365329744454032
                },
                "pt:[56.00,60.00]": {
                    "value": 0.975154057024254,
                    "error": 0.0012108592261078632
                },
                "pt:[60.00,120.00]": {
                    "value": 0.9749423259073178,
                    "error": 0.0012076320231529936
                },
                "pt:[120.00,1200.00]": {
                    "value": 0.9801182326230474,
                    "error": 0.0057253532450477485
                }
            },
            "abseta:[0.90,1.20]": {
                "pt:[52.00,56.00]": {
                    "value": 0.9648866050677032,
                    "error": 0.002203810334004408
                },
                "pt:[56.00,60.00]": {
                    "value": 0.9694776639640282,
                    "error": 0.003747648380746371
                },
                "pt:[60.00,120.00]": {
                    "value": 0.963741971086714,
                    "error": 0.0031622870191292396
                },
                "pt:[120.00,1200.00]": {
                    "value": 0.9922123431692348,
                    "error": 0.015318609176330322
                }
            },
            "abseta:[1.20,2.10]": {
                "pt:[52.00,56.00]": {
                    "value": 0.9566391517793796,
                    "error": 0.002172560017725589
                },
                "pt:[56.00,60.00]": {
                    "value": 0.9580061463940912,
                    "error": 0.0018935780458612106
                },
                "pt:[60.00,120.00]": {
                    "value": 0.9562195190354172,
                    "error": 0.0012903194901086046
                },
                "pt:[120.00,1200.00]": {
                    "value": 0.9687259051800338,
                    "error": 0.00575387752143508
                }
            },
            "abseta:[2.10,2.40]": {
                "pt:[52.00,56.00]": {
                    "value": 0.8972660706158467,
                    "error": 0.008468904320888426
                },
                "pt:[56.00,60.00]": {
                    "value": 0.9162494611614656,
                    "error": 0.005894974616876825
                },
                "pt:[60.00,120.00]": {
                    "value": 0.9203930547059722,
                    "error": 0.004189817336888169
                },
                "pt:[120.00,1200.00]": {
                    "value": 0.9724801699471364,
                    "error": 0.03447238206122272
                }
            }
        }
    }
}