{"RecoBelow20": {"eta_pt": {"eta:[-Inf,-2.]": {"pt:[10.00,20.00]": {"value": 0.9372892379760742, "error_up": 0.9763183219928068, "error_down": 0.8982601539593417}}, "eta:[-2.,-1.566]": {"pt:[10.00,20.00]": {"value": 0.951312780380249, "error_up": 1.0153994904850214, "error_down": 0.8872260702754765}}, "eta:[-1.566,-1.444]": {"pt:[10.00,20.00]": {"value": 0.9455876350402832, "error_up": 1.5208563798012311, "error_down": 0.3703188902793354}}, "eta:[-1.444,-1.0]": {"pt:[10.00,20.00]": {"value": 0.9209725856781006, "error_up": 1.009378427541392, "error_down": 0.8325667438148093}}, "eta:[-1.0,0.0]": {"pt:[10.00,20.00]": {"value": 0.9865052103996276, "error_up": 1.0349399955336562, "error_down": 0.9380704252655993}}, "eta:[0.0,1.0]": {"pt:[10.00,20.00]": {"value": 0.9865052103996276, "error_up": 1.0349399955336562, "error_down": 0.9380704252655993}}, "eta:[1.0,1.444]": {"pt:[10.00,20.00]": {"value": 0.9209725856781006, "error_up": 1.009378427541392, "error_down": 0.8325667438148093}}, "eta:[1.444,1.566]": {"pt:[10.00,20.00]": {"value": 0.9455876350402832, "error_up": 1.5208563798012311, "error_down": 0.3703188902793354}}, "eta:[1.566,2.0]": {"pt:[10.00,20.00]": {"value": 0.951312780380249, "error_up": 1.0153994904850214, "error_down": 0.8872260702754765}}, "eta:[2.0,Inf]": {"pt:[10.00,20.00]": {"value": 0.9372892379760742, "error_up": 0.9763183219928068, "error_down": 0.8982601539593417}}}}, "Reco20to75": {"eta_pt": {"eta:[-Inf,-2.]": {"pt:[20.00,45.00]": {"value": 0.9894707202911376, "error_up": 0.9940564215633124, "error_down": 0.9848850190189627}, "pt:[45.00,75.00]": {"value": 0.9849587678909302, "error_up": 1.0020633323219392, "error_down": 0.9678542034599212}}, "eta:[-2.,-1.566]": {"pt:[20.00,45.00]": {"value": 0.9917081594467164, "error_up": 0.9954829193949436, "error_down": 0.9879333994984892}, "pt:[45.00,75.00]": {"value": 0.9904908537864684, "error_up": 1.018656549316878, "error_down": 0.9623251582560588}}, "eta:[-1.566,-1.444]": {"pt:[20.00,45.00]": {"value": 0.9949613809585572, "error_up": 1.0362921980267596, "error_down": 0.9536305638903546}, "pt:[45.00,75.00]": {"value": 0.9698408842086792, "error_up": 1.024306160779936, "error_down": 0.9153756076374224}}, "eta:[-1.444,-1.0]": {"pt:[20.00,45.00]": {"value": 0.9855061769485474, "error_up": 0.9901505700222012, "error_down": 0.9808617838748936}, "pt:[45.00,75.00]": {"value": 0.9848232865333556, "error_up": 1.0077849813985256, "error_down": 0.961861591668186}}, "eta:[-1.0,0.0]": {"pt:[20.00,45.00]": {"value": 0.9861587285995485, "error_up": 0.9882934116005638, "error_down": 0.9840240455985328}, "pt:[45.00,75.00]": {"value": 0.9887290596961976, "error_up": 1.0264669514157954, "error_down": 0.9509911679765998}}, "eta:[0.0,1.0]": {"pt:[20.00,45.00]": {"value": 0.9885743856430054, "error_up": 0.9913373219209638, "error_down": 0.9858114493650468}, "pt:[45.00,75.00]": {"value": 0.991216242313385, "error_up": 0.9944153778185094, "error_down": 0.9880171068082606}}, "eta:[1.0,1.444]": {"pt:[20.00,45.00]": {"value": 0.9855061769485474, "error_up": 0.9901505700222012, "error_down": 0.9808617838748936}, "pt:[45.00,75.00]": {"value": 0.9848232865333556, "error_up": 1.0077849813985256, "error_down": 0.961861591668186}}, "eta:[1.444,1.566]": {"pt:[20.00,45.00]": {"value": 0.9949613809585572, "error_up": 1.0362921980267596, "error_down": 0.9536305638903546}, "pt:[45.00,75.00]": {"value": 0.9698408842086792, "error_up": 1.024306160779936, "error_down": 0.9153756076374224}}, "eta:[1.566,2.0]": {"pt:[20.00,45.00]": {"value": 0.9917081594467164, "error_up": 0.9954829193949436, "error_down": 0.9879333994984892}, "pt:[45.00,75.00]": {"value": 0.9904908537864684, "error_up": 1.018656549316878, "error_down": 0.9623251582560588}}, "eta:[2.0,Inf]": {"pt:[20.00,45.00]": {"value": 0.9894707202911376, "error_up": 0.9940564215633124, "error_down": 0.9848850190189627}, "pt:[45.00,75.00]": {"value": 0.9849587678909302, "error_up": 1.0020633323219392, "error_down": 0.9678542034599212}}}}, "RecoAbove75": {"eta_pt": {"eta:[-Inf,-2.]": {"pt:[75.00,100.00]": {"value": 0.9866523146629332, "error_up": 1.0111108275775929, "error_down": 0.9621938017482738}, "pt:[100.00,Inf]": {"value": 0.9960200786590576, "error_up": 1.071152619079243, "error_down": 0.9208875382388724}}, "eta:[-2.,-1.566]": {"pt:[75.00,100.00]": {"value": 1.0019832849502563, "error_up": 1.0098735881216925, "error_down": 0.9940929817788204}, "pt:[100.00,Inf]": {"value": 0.9862135052680968, "error_up": 1.009545381454778, "error_down": 0.9628816290814156}}, "eta:[-1.566,-1.444]": {"pt:[75.00,100.00]": {"value": 1.038323163986206, "error_up": 1.0608915753041273, "error_down": 1.0157547526682849}, "pt:[100.00,Inf]": {"value": 1.0194694995880127, "error_up": 1.1161908116254085, "error_down": 0.9227481875506168}}, "eta:[-1.444,-1.0]": {"pt:[75.00,100.00]": {"value": 0.9941419959068298, "error_up": 1.0025925145437045, "error_down": 0.9856914772699552}, "pt:[100.00,Inf]": {"value": 0.996940553188324, "error_up": 1.0042528626110858, "error_down": 0.989628243765562}}, "eta:[-1.0,0.0]": {"pt:[75.00,100.00]": {"value": 0.9957932233810424, "error_up": 0.9995869534038916, "error_down": 0.9919994933581936}, "pt:[100.00,Inf]": {"value": 0.9939363598823548, "error_up": 1.0030125966456358, "error_down": 0.9848601231190738}}, "eta:[0.0,1.0]": {"pt:[75.00,100.00]": {"value": 0.998298406600952, "error_up": 1.0024301769482769, "error_down": 0.9941666362536274}, "pt:[100.00,Inf]": {"value": 0.9876604080200196, "error_up": 0.9986827609498256, "error_down": 0.9766380550902134}}, "eta:[1.0,1.444]": {"pt:[75.00,100.00]": {"value": 0.9941419959068298, "error_up": 1.0025925145437045, "error_down": 0.9856914772699552}, "pt:[100.00,Inf]": {"value": 0.996940553188324, "error_up": 1.0042528626110858, "error_down": 0.989628243765562}}, "eta:[1.444,1.566]": {"pt:[75.00,100.00]": {"value": 1.038323163986206, "error_up": 1.0608915753041273, "error_down": 1.0157547526682849}, "pt:[100.00,Inf]": {"value": 1.0194694995880127, "error_up": 1.1161908116254085, "error_down": 0.9227481875506168}}, "eta:[1.566,2.0]": {"pt:[75.00,100.00]": {"value": 1.0019832849502563, "error_up": 1.0098735881216925, "error_down": 0.9940929817788204}, "pt:[100.00,Inf]": {"value": 0.9862135052680968, "error_up": 1.009545381454778, "error_down": 0.9628816290814156}}, "eta:[2.0,Inf]": {"pt:[75.00,100.00]": {"value": 0.9866523146629332, "error_up": 1.0111108275775929, "error_down": 0.9621938017482738}, "pt:[100.00,Inf]": {"value": 0.9960200786590576, "error_up": 1.071152619079243, "error_down": 0.9208875382388724}}}}}